Account Number,Amount
210203997b6470b07dc021d9accfbe62ee642a0b44e2fe09140b3ea0dd718c4b,48
119ed9311646fb3bc02c3ac1f20ba47756e88f3df027118cbe22844549782df2,48
50e93a0a961c9a1893677c0ee8b7e1c770274f289502c57da41ed86cf1340d11,48
52e448cc2dc172d1d097268d394598550bcb9e8d3824fde2a77cf2026f067fba,48
4afe19b721a64702a560dbe690e51b1bc529a44e6a997c7f1b29caf96739b5f2,48
074373d18830363452ea5bb3b17ad348adbad66526dc3962ab048beb7945f8e9,48
a7721c38765c1909ff9d558f43d817fa32ddd3b57d379638874cc5c3b15d0c7e,48
9e40414427477a3b75fbf2174553b1aa548c3f4e5ff4acbb125aa26f20081821,48
553a2068397d4838a5341a3233852c0cf6bd1a3262dc7dfba72bf3b95274be73,48
194072d8c0fe9791af256ee4ea100fe318b3795c8d8a510cf30674148fdcaa8d,48
e23063c7517775c5fd96924dc48fb0c33c544735b464fbd3770e057e47ea1f6d,48
68b5d4bfdf042377726f4d936e5adba9c4ab6c67bb5889936daead1a2e5c1030,48
39cf5de525fc20c185b890adc4d4e786b493a5f614e24f3356aabc7662d1ce08,48
7b51aecef504fdc8fa75b4f2d3143d2f27615d998a905a0d9a37271d5f410b23,48
94161c7f2d143eb387aab95b1ee4d334df57a233a63bd466c8b2368148c4917d,48
125836b8b7f4221368f1a32b74bc94bbe99b34b121518370539f4b6c2e83f405,48
51552a8b3b32cd3389908f8dbbb8f23856898f7953b3c27e7ab50b073d15330f,48
b63b680085fc2512d10fdd28b38a71a6b127fef89a25cb8cff7b1ab9c1d82078,48
40e778329f4d75ced4ea412f7acd0634b2c44d355bf2d479a054c9b5a44b5432,48